Abbre,Lat,Long,Name
ABE,39.50946045,-76.16300964,ABERDEEN test
ABI,32.45410538,-99.73468018,ABILENE
ABN,39.42869568,-74.50753784,ABSECON
ADE,34.55826569,-117.404213,ADELANTO
AKO,41.08057404,-81.51566315,AKRON
ALY,44.63075638,-123.0996475,ALBANY
ALB,42.64164734,-73.74125671,ALBANY-RENSSELAER
ALI,42.24737549,-84.75632477,ALBION
ABQ,35.08293533,-106.6469803,ALBUQUERQUE
AST,40.8171196,-91.10359192,ALDERSHOT
ALD,37.72423935,-80.64464569,ALDERSON
ALX,38.8062439,-77.06264496,ALEXANDRIA
ALE,27.74541283,-98.08235168,ALICE
ANW,40.59043121,-75.56719208,ALLENTOWN - WEST
ALV,40.65233231,-75.44039154,ALLENTOWN AIRPORT
ALC,40.92178726,-81.09580994,ALLIANCE
ALP,30.35715866,-103.6610413,ALPINE
ALN,38.90449142,-90.13494873,ALTON
ALT,40.51478195,-78.40099335,ALTOONA
AMM,42.37485886,-72.51192474,AMHERST
AMS,42.953676,-74.219553,AMSTERDAM
ANA,33.80426025,-117.884819,ANAHEIM
ARB,42.28805161,-83.74402618,ANN ARBOR
ATN,33.64899826,-85.83188629,ANNISTON
ACA,38.01808548,-121.8151321,ANTIOCH-PITTSBURG
APP,44.26594162,-88.40564728,APPLETON
ARC,40.86757278,-124.0839386,ARCATA
ADM,34.17191315,-97.12541199,ARDMORE
ARD,40.00726318,-75.28944397,ARDMORE
ARK,34.11437607,-93.05244446,ARKADELPHIA
AKY,38.48093033,-82.63947296,ASHLAND
AHL,42.18811798,-122.6970215,ASHLAND
ASD,37.75923538,-77.48167419,ASHLAND
ATA,35.48920822,-120.6657104,ATASCADERO
ATL,33.79956436,-84.39178467,ATLANTA
ACY,39.36300278,-74.43986511,ATLANTIC CITY
ATR,31.02432823,-87.48733521,ATMORE
ARN,38.90418243,-121.0820313,AUBURN
AUS,30.26909256,-97.75556946,AUSTIN
BBY,42.3473053,-71.07635498,BACK BAY
BAK,44.7820549,-117.8113251,BAKER CITY
BFD,35.37137985,-119.0224609,BAKERSFIELD
BAL,39.30812073,-76.61747742,BALTIMORE
BAM,42.3141861,-86.11186981,BANGOR
BAR,34.90480042,-117.0253525,BARSTOW
BRV,36.75063324,-95.93536377,BARTLESVILLE
BTS,34.31602097,-89.95238495,BATESVILLE
BTR,30.44965744,-91.1765976,BATON ROUGE
BTL,42.31697464,-85.18569183,BATTLE CREEK
BAY,30.88092041,-87.77303314,BAY MINETTE
BAS,30.30690002,-89.33733368,BAY ST. LOUIS
BEU,33.92804718,-116.9765091,BEAUMONT
BMT,30.0769062,-94.12296295,BEAUMONT
BLE,34.66424179,-106.7748718,BELEN
BVL,38.5209198,-89.99146271,BELLEVILLE
BEL,48.72048569,-122.5098877,BELLINGHAM
BLF,43.13582611,-72.44544983,BELLOWS FALLS
BET,42.49884033,-89.03549194,BELOIT
BED,44.05533981,-121.273407,BEND
BEN,31.96816826,-110.2939835,BENSON
BKY,37.8676033,-122.2999954,BERKELEY
BER,41.63552475,-72.76572418,BERLIN
ATB,40.65238953,-75.41325378,BETHLEHEM
BSB,40.61135483,-75.37786865,BETHLEHEM - SOUTH
BGP,43.69831848,-85.48204803,BIG RAPIDS
BGS,32.25257111,-101.4730148,BIG SPRING
BIX,30.39912033,-88.8911438,BILOXI
BNG,45.71538544,-121.4690933,BINGEN-WHITE SALMON
BHM,33.51239395,-86.80702972,BIRMINGHAM
BMM,42.54572296,-83.19529724,BIRMINGHAM
BNL,40.50834656,-88.98403931,BLOOMINGTON-NORMAL
BOI,43.61946869,-116.2061081,BOISE
BRN,34.99978256,-117.6568069,BORON
BCL,32.52555847,-93.68015289,BOSSIER CITY
BOS,42.35152435,-71.05529785,BOSTON (SO. STA)
BLD,40.05839539,-105.2811813,BOULDER
BYC,45.20484161,-85.02664948,BOYNE CITY
BYF,45.16839981,-84.91621399,BOYNE FALLS
BDT,27.4903965,-82.47067261,BRADENTON
BRT,43.6910553,-79.76232147,BRAMPTON
BDN,43.79917526,-73.0892334,BRANDON
BSN,36.64439011,-93.22720337,BRANSON
BTF,43.14572906,-80.26235962,BRANTFORD
BRA,42.83869553,-72.550354,BRATTLEBORO
BTA,31.10486412,-87.07004547,BREWTON
BRP,41.17674637,-73.18740082,BRIDGEPORT
BRH,31.57875824,-90.44212341,BROOKHAVEN
BRO,48.53329468,-113.0108414,BROWNING
BSV,25.89988518,-97.49945068,BROWNSVILLE
BYN,41.48034668,-84.55274963,BRYAN
BLY,44.50439835,-85.67663574,BUCKLEY
BUL,34.61133957,-120.1933823,BUELLTON
BUF,42.90691757,-78.72660828,BUFFALO-DEPEW
BFX,42.87848282,-78.87506104,BUFFALO-EXCHANGE STREET
BUR,34.1938324,-118.3559113,BURBANK AIRPORT
BTV,44.47605515,-73.21479797,BURLINGTON
BRL,40.80594254,-91.10198212,BURLINGTON
BNC,36.09417725,-79.43628693,BURLINGTON
ESX,44.49257278,-73.11045074,BURLINGTON-ESSEX JUNCTION
BNS,43.5904007,-119.0533905,BURNS
BUZ,41.74529648,-70.61753082,BUZZARDS BAY
BWI,39.18955231,-76.69339752,BWI AIRPORT RAIL STATION
CLC,44.26839447,-85.4066925,CADILLAC
CIE,37.61219406,-114.5156479,CALIENTE
CGA,38.57986832,-122.5778122,CALISTOGA
CML,34.21646881,-119.0331116,CAMARILLO
CAM,34.24734879,-80.62615967,CAMDEN
CPC,38.6606636,-120.9681625,CAMERON PARK
CVD,34.6257782,-111.8806381,CAMP VERDE
CTN,32.61481094,-90.04051971,CANTON
CDL,37.72408676,-89.21636963,CARBONDALE
CRV,39.27932739,-89.88891602,CARLINVILLE
CRM,36.53931808,-121.9080429,CARMEL
CPN,34.39600372,-119.5213165,CARPINTERIA
CCN,39.16664886,-119.7657776,CARSON CITY
CYN,35.78770828,-78.77967834,CARY
CAT,38.43809891,-82.60844421,CATTLETSBURG
CEN,38.527771,-89.13619232,CENTRALIA
CTL,46.71742249,-122.9518814,CENTRALIA
CHM,40.11619568,-88.24092865,CHAMPAIGN-URBANA
CHS,32.87553406,-79.99890137,CHARLESTON
CHW,38.35198975,-81.64672089,CHARLESTON
CLT,35.24114609,-80.82363892,CHARLOTTE
CVS,38.03203201,-78.49211121,CHARLOTTSVILLE
CTH,42.40237045,-82.18504333,CHATHAM
CWT,34.25711823,-118.598732,CHATSWORTH
CNO,35.0307045,-85.19438934,CHATTANOOGA
CMO,43.21690369,-121.7806625,CHEMULT
CRH,39.9274826,-75.04243469,CHERRY HILL
CHY,41.12158203,-104.8051834,CHEYENNE
BOR,41.09111023,-104.9869003,CHEYENNE(BORIE)
CHI,41.87873077,-87.63916779,CHICAGO
CIC,39.72330856,-121.8447189,CHICO
CIA,40.92995453,-89.49421692,CHILLICOTHE
CIP,30.78072739,-85.53761292,CHIPLEY
CIN,39.10237885,-84.53652954,CINCINNATI
CLM,34.0945282,-117.7155075,CLAREMONT
CLA,43.36878586,-72.37930298,CLAREMONT
CLW,27.97551537,-82.73092651,CLEARWATER
CWB,27.97724724,-82.82778168,CLEARWATER BEACH
CBR,32.34833527,-97.38166046,CLEBURNE
CSN,34.69117737,-82.83348083,CLEMSON
CLE,41.50441742,-81.69817352,CLEVELAND
CLF,37.81177139,-79.83649445,CLIFTON FORGE
CTV,44.62212753,-88.76015472,CLINTONVILLE
CLV,38.79989624,-123.0120773,CLOVERDALE
COT,39.98561859,-75.82066345,COATESVILLE
COX,39.09945679,-120.9527054,COLFAX
CFX,46.87592697,-117.3636551,COLFAX
CLL,30.60033607,-96.33712769,COLLEGE STATION - BRYAN
COS,38.83192444,-104.8191986,COLORADO SPRINGS
CLB,33.99371719,-81.04057312,COLUMBIA
COG,32.46133423,-84.98742676,COLUMBUS
COL,39.95907974,-82.99669647,COLUMBUS
CBS,43.34066772,-89.01248169,COLUMBUS
COM,33.99090576,-118.1437378,COMMERCE
COV,40.01810074,-79.59259796,CONNELLSVILLE
COI,39.6464653,-85.13356018,CONNERSVILLE
CWY,33.83512497,-79.04673004,CONWAY
COO,32.97784424,-111.5155182,COOLIDGE
CBY,43.36664581,-124.2119904,COOS BAY
COC,36.09819412,-119.5565033,CORCORAN
CNG,39.92847824,-122.1969299,CORNING
CWH,40.07189178,-74.95080566,CORNWELLS HEIGHTS
CNA,32.09160614,-96.46195984,CORSICANA
CVI,44.56523895,-123.2605972,CORVALLIS
CTG,43.80474091,-123.0563965,COTTAGE GROVE
CRF,40.0442543,-86.89938354,CRAWFORDSVILLE
CRN,41.05708313,-94.36119843,CRESTON
CSV,30.75758743,-86.56903076,CRESTVIEW
CRT,41.19272995,-73.88384247,CROTON-HARMON
CLP,38.47292328,-77.99304199,CULPEPER
CUM,39.65058517,-78.75847626,CUMBERLAND
CUT,48.63694,-112.3300247,CUT BANK
DDE,28.36418915,-82.18482208,DADE CITY
DAL,32.77554321,-96.80740356,DALLAS
DVI,40.11942673,-87.63611603,DANVILLE
DAN,36.58369827,-79.38431549,DANVILLE
DVP,41.51973724,-90.5774231,DAVENPORT
DAV,38.54411316,-121.7370682,DAVIS
DYA,29.22823143,-81.00911713,DAYTONA BEACH
DER,42.31304932,-83.2011795,DEARBORN
DFB,26.3177948,-80.12145996,DEERFIELD BEACH
DEL,32.95942688,-117.2667007,DEL MAR
DRT,29.36308098,-100.9014664,DEL RIO
DLD,29.01683426,-81.35245514,DELAND
DLB,26.45517921,-80.0925293,DELRAY BEACH
DEM,32.27108383,-107.7608337,DEMING
DNK,33.32614517,-81.14315033,DENMARK
DEN,39.75322342,-104.9996109,DENVER
DIA,39.85834122,-104.6669159,DENVER INTERNATIONAL AP'T
DET,42.36788177,-83.07209778,DETROIT
DLK,46.81948853,-95.84558105,DETROIT LAKES
DVL,48.11064529,-98.8613739,DEVILS LAKE
DIL,34.41828537,-79.37175751,DILLON
DSY,33.81058884,-117.9228821,DISNEYLAND
DDG,37.75259781,-100.0165787,DODGE CITY
DOA,41.98120117,-86.10873413,DOWAGIAC
DOW,40.00253677,-75.70812225,DOWNINGTOWN
DQN,38.01135254,-89.24015808,DU QUOIN
IAD,38.95161819,-77.44791412,DULLES INTERNATIONAL AP'T
DUL,46.76660156,-92.12400818,DULUTH
DUK,42.48533249,-79.33101654,DUNKIRK
DUN,41.21117401,-122.2699738,DUNSMUIR
DRD,42.90977859,-83.98243713,DURAND
DUR,33.07375336,-89.85348511,DURANT
DNC,35.99703598,-78.90722656,DURHAM
DWT,41.09204865,-88.42832184,DWIGHT
DYE,41.49852753,-87.51818848,DYER
EGL,39.65070724,-106.8330536,EAGLE
EDP,37.69921875,-121.8935013,EAST DUBLIN-PLEASANTON
GPK,48.44396591,-113.2185593,EAST GLACIER PARK
LNS,42.71908188,-84.49354553,EAST LANSING
EUC,44.81437683,-91.49999237,EAU CLARE
EDM,47.81129456,-122.3830719,EDMONDS
EFG,39.11915588,-88.54571533,EFFINGHAM
EMC,34.0725975,-118.0424957,EL MONTE
ELP,31.75772476,-106.4948883,EL PASO
EPL,37.67854309,-119.7528915,EL PORTAL
ELT,40.1473999,-76.61457825,ELIZABETHTOWN
EKH,41.68072128,-85.97105408,ELKHART
ELK,40.83687592,-115.7533951,ELKO
EBG,46.99957657,-120.5527573,ELLENSBURG
ELY,41.37005234,-82.09700775,ELYRIA
EMY,37.84067917,-122.2906799,EMERYVILLE
EMP,38.40185165,-96.18553925,EMPORIA
EPH,47.32059479,-119.548645,EPHRATA
ERI,42.12112808,-80.08103943,ERIE
EMI,45.7803688,-87.08735657,ESCANABA
ESM,48.2808609,-113.6094818,ESSEX
EUG,44.05538559,-123.0918427,EUGENE-SPRINGFIELD
EKA,40.80301666,-124.1582031,EUREKA
EVT,41.26921463,-110.9642944,EVANSTON
EVR,47.97928238,-122.2156219,EVERETT
EVE,31.43252182,-86.95611572,EVERGREEN
EXT,40.01995087,-75.62329865,EXTON
FHV,43.59057617,-73.26204681,FAIR HAVEN
FAR,46.88107681,-96.78461456,FARGO
FMC,40.24155426,-88.64270782,FARMER CITY
FAY,35.05490494,-78.88506317,FAYETTEVILLE
FIL,34.39612961,-118.9166107,FILLMORE
FSH,37.47462845,-119.6371918,FISH CAMP
FLG,35.19801331,-111.6506653,FLAGSTAFF
FLN,43.01363373,-83.65483856,FLINT
FRO,44.01136017,-124.1003494,FLORENCE
FLO,34.19881821,-79.75709534,FLORENCE
FLC,43.75553131,-88.45079041,FOND DU LAC
FDL,43.7525177,-88.45018768,FONT DU LAC
FCC,40.5837822,-105.065918,FORT COLLINS
FED,43.26951599,-73.58045959,FORT EDWARD/GLENS FALLS
FHD,31.13995934,-97.76431274,FORT HOOD
FTL,26.11961365,-80.1701889,FORT LAUDERDALE
FMD,40.62339401,-91.33335876,FORT MADISON
FMG,40.24732971,-103.8026505,FORT MORGAN
FTM,26.68235016,-81.88490295,FORT MYERS
FWA,41.07608032,-85.13870239,FORT WAYNE
FTW,32.74937439,-97.3238678,FORT WORTH
FTA,40.59749603,-124.1518936,FORTUNA
FOS,41.15253448,-83.41426849,FOSTORIA
FOX,41.45766068,-71.97193909,FOXWOOD CASINO
WIP,39.94869614,-105.8173676,FRAISER-WINTER PARK
FRA,42.27666855,-71.41786194,FRAMINGHAM
FRS,38.76501846,-77.17054749,FRANCONIA/SPRINGFIELD
FDR,39.41179276,-77.41106415,FREDERICK
FBG,38.29855728,-77.45693207,FREDERICKSBURG
FDN,42.44512558,-79.34017944,FREDONIA
FRT,37.53993225,-121.9224396,FREEMONT-MISSION SAN JOSE
FMT,37.55819702,-122.0063782,FREMONT
FNO,36.73862839,-119.7822495,FRESNO
FSC,39.5871048,-106.096283,FRISCO
FUL,33.86894608,-117.9228363,FULLERTON
FTN,36.52252197,-88.88800812,FULTON
GNF,29.65107918,-82.32369232,GAINESVILLE
GNS,34.28371811,-83.82668304,GAINESVILLE
GLE,33.62442398,-97.14026642,GAINESVILLE
GBA,40.94961929,-90.37102509,GALESBURG (EX-ATSF)
GBB,40.94404984,-90.36410522,GALESBURG (EX-BN)
GLP,35.52924728,-108.7396774,GALLUP
GLS,29.29120827,-94.78607178,GALVESTON
GBV,40.10106277,-123.7938995,GARBERVILLE
GCK,37.96472549,-100.8727951,GARDEN CITY
GBC,49.99924469,-123.1422195,GARIBALDI HIGHLANDS
GIN,41.35323715,-85.13601685,GARRETT
GAS,35.26835632,-81.16397858,GASTONIA
GEO,43.65727997,-79.92368317,GEORGETOWN
GLM,40.76207733,-87.99476624,GILMAN
GLY,37.00598145,-121.5675049,GILROY
GGW,48.19451523,-106.6348114,GLASGOW
GCO,42.72455978,-81.71585846,GLENCOE
GDL,34.12363815,-118.2579575,GLENDALE
GLN,42.07419586,-87.80534363,GLENVIEW
GSC,39.54811859,-107.3226776,GLENWOOD SPRINGS
GBO,35.38654709,-77.99396515,GOLDSBORO
GTA,34.43755722,-119.8411713,GOLETA
GRA,40.08391571,-105.9348373,GRANBY
GCN,36.05671692,-112.1349411,GRAND CANYON NATIONAL PAR
GFK,47.91885376,-97.11043549,GRAND FORKS
GJT,39.06481934,-108.5699234,GRAND JUNCTION
GRR,42.95637131,-85.67899323,GRAND RAPIDS
GVI,45.92650604,-116.1289368,GRANGEVILLE
GTP,42.43545914,-123.2963333,GRANTS PASS
GRS,39.21938324,-121.0579529,GRASS VALLEY
GRE,40.42394257,-104.6883926,GREELEY
GBY,44.51483154,-88.0050354,GREEN BAY
GRI,38.99244308,-110.1645966,GREEN RIVER
GNR,41.52702713,-109.4653015,GREEN RIVER
GFV,42.30490112,-83.24184418,GREENFIELD VILLAGE
GRO,36.061203,-79.83135223,GREENSBORO
GNB,40.30485153,-79.54727936,GREENSBURG
GVA,31.82530212,-86.63053894,GREENVILLE
GRV,34.85655975,-82.41418457,GREENVILLE
GWD,33.51773834,-90.17608643,GREENWOOD
GDA,33.78321457,-89.79808807,GRENADA
GMS,43.18756485,-79.55370331,GRIMBSY
GVB,35.1220665,-120.6281052,GROVER BEACH
GUA,34.96260452,-120.5729446,GUADALUPE/SANTA MARIA
GUE,43.55136871,-80.25400543,GUELPH
GUF,30.36860847,-89.09497833,GULFPORT
HAG,39.56830978,-77.73008728,HAGERSTOWN
HMN,39.39457321,-84.55991364,HAMILTON
HAM,34.8830719,-79.69845581,HAMLET
HMD,30.51169777,-90.46359253,HAMMOND
HMI,41.6930809,-87.50874329,HAMMOND-WHITING
HNF,36.32621384,-119.6507797,HANFORD
HGN,26.19343376,-97.69390106,HARLINGEN
HFY,39.32504272,-77.73355865,HARPERS FERRY
HAR,40.26156235,-76.87819672,HARRISBURG
HFD,41.76779938,-72.68212128,HARTFORD
HAS,40.58413315,-98.3873291,HASTINGS
HCH,32.66562271,-107.1558228,HATCH
HBG,31.32671928,-89.28618622,HATTIESBURG
HAV,48.55441666,-109.6781235,HAVRE
HWT,29.59659576,-82.08708191,HAWTHORNE
HAY,37.66685867,-122.0977859,HAYWARD
HAZ,31.86289787,-90.39427948,HAZELHURST
HEA,38.61066818,-122.8694992,HEALDSBURG
HER,39.68819809,-110.8525772,HELPER
HMT,33.74717331,-117.0054779,HEMET
HEM,38.70729446,-91.43260193,HERMANN
HMO,45.84533691,-119.2893372,HERMISTON
HPT,35.95750809,-80.00583649,HIGH POINT
HIK,45.79586411,-119.3092957,HINKLE
HIN,37.67707062,-80.88863373,HINTON
HLD,40.43619156,-99.3707428,HOLDREGE
HOM,42.78931427,-86.09777832,HOLLAND
HOL,26.01068687,-80.16854095,HOLLYWOOD
HMF,25.46810913,-80.4744873,HOMESTEAD
HMW,41.56235123,-87.66851044,HOMEWOOD
HOO,45.70121002,-121.5226135,HOOD RIVER
HSN,34.50974274,-93.05351257,HOT SPRINGS
HOS,29.76718903,-95.36697388,HOUSTON
HWC,43.39572906,-85.46992493,HOWARD CITY
HUD,42.25308228,-73.79843903,HUDSON
HTR,42.24498367,-74.18408203,HUNTER MOUNTAIN
HGD,40.4834938,-78.01183319,HUNTINGDON
HUN,38.41540527,-82.44084167,HUNTINGTON
HUT,38.05585861,-97.93006134,HUTCHINSON
HYA,41.65513611,-70.27881622,HYANNIS
IDA,43.49647903,-112.0470581,IDAHO FALLS
IDP,39.0869751,-94.4292984,INDEPENDENCE
IND,39.76215363,-86.16030884,INDIANAPOLIS
IDO,33.7147522,-116.2331696,INDIO
IRV,33.67476654,-117.7591934,IRVINE
ISL,24.92460823,-80.62878418,ISLAMORADA
ISQ,47.53039551,-122.0362854,ISSAQUAH
JXN,42.24805069,-84.40029144,JACKSON
JAN,32.30064392,-90.19059753,JACKSON
JAX,30.36657715,-81.72460175,JACKSONVILLE
JMN,42.0964241,-79.24009705,JAMESTOWN
JVI,42.66396713,-88.97331238,JANESVILLE
JVL,42.72035599,-88.99692535,JANESVILLE
JEF,38.57905197,-92.17037964,JEFFERSON CITY
JSP,31.60590935,-81.88220215,JESUP
JST,40.33010101,-78.92242432,JOHNSTOWN
JOL,41.52487564,-88.07913971,JOLIET
KAL,42.29545212,-85.58358765,KALAMAZOO
KLK,44.74995041,-85.17169189,KALKASA
KKI,41.119133,-87.8657608,KANKAKEE
KAN,35.50126648,-80.62181091,KANNAPOLIS
KCY,39.08615112,-94.58394623,KANSAS CITY
KEL,46.1426239,-122.9117661,KELSO-LONGVIEW
JFK,40.64375687,-73.78418732,KENNEDY AIRPORT NEW YORK
KTC,35.98417664,-119.9594879,KETTLEMAN CITY
KEE,41.24562454,-89.92742157,KEWANEE
KYL,25.13558578,-80.40423584,KEY LARGO
KWA,24.55593491,-81.75946045,KEY WEST
KWS,24.55217934,-81.79213715,KEY WEST - DOWNTOWN
KIL,31.12129784,-97.72948456,KILLEEN
KLT,43.66832733,-72.80457306,KILLINGTON
KGC,36.20351028,-121.1287003,KING CITY
KNG,35.18835831,-114.0520706,KINGMAN
KIN,41.48394012,-71.56228638,KINGSTON
KTR,33.66437912,-79.82906342,KINGSTREE
KWD,38.58088303,-90.40759277,KIRKWOOD
KIS,28.29327011,-81.40486908,KISSIMMEE
KOT,43.45701981,-80.49342346,KITCHNER
KFS,42.22587967,-121.7709198,KLAMATH FALLS
LCA,34.23068619,-118.2653275,LA CRESCENTA
LSE,43.83361816,-91.24759674,LA CROSSE
LAE,45.3259201,-118.0780182,LA GRANDE
LAG,41.81590271,-87.86972046,LA GRANGE ROAD
LGA,40.77195358,-73.86972046,LA GUARDIA AIRPORT
LAJ,37.98806763,-103.5424957,LA JUNTA
LPN,43.67464066,-121.4991455,LA PINE
LAP,40.0314064,-92.48530579,LA PLATA
LAF,40.42108917,-86.89503479,LAFAYETTE
LFT,30.22734451,-92.01459503,LAFAYETTE
LUN,33.54380035,-117.7830734,LAGUNA BEACH
LBV,28.38327026,-81.50650024,LAKE BUENA VISTA
LCH,30.23808479,-93.21499634,LAKE CHARLES
LEC,30.1966114,-82.65110016,LAKE CITY
LHA,34.46609116,-114.3345261,LAKE HAVASU CITY
LOP,39.02039337,-121.0574417,LAKE OF THE PINES JCT.
LPD,44.28216934,-73.98454285,LAKE PLACID
LAK,28.0456543,-81.95161438,LAKELAND
LMR,38.08950043,-102.6182938,LAMAR
LMQ,29.37326813,-94.96373749,LAMARQUE
LMY,35.47748566,-105.884758,LAMY
LCS,34.69551086,-118.1361771,LANCASTER
LNC,40.0538063,-76.30758667,LANCASTER
LPE,43.04962921,-83.3056488,LAPEER
LAR,41.2961235,-105.5309525,LARAMIE
LDO,27.50617409,-99.50390625,LAREDO
LCR,32.30915451,-106.7947159,LAS CRUCES
LSV,35.59329987,-105.2121429,LAS VEGAS
LVS,36.1668129,-115.1486053,LAS VEGAS
LAB,40.3183403,-79.38522339,LATROBE
LNV,35.15706635,-114.5738525,LAUGHLIN
LAU,31.69239044,-89.12783813,LAUREL
LRC,38.97221756,-95.23171997,LAWRENCE
LTV,39.68565369,-123.4794159,LAYTONVILLE
LEV,47.5965004,-120.6603241,LEAVENWORTH
LHV,37.19202423,-76.5719223,LEE HALL
LEE,38.91294479,-94.3776474,LEE'S SUMMIT
LEG,39.85039902,-123.711174,LEGGETT
LMC,36.28665543,-119.7975464,LEMOORE
LWN,46.43136978,-116.9835129,LEWISTON
LEW,40.5885849,-77.579216,LEWISTON
LIB,48.39514923,-115.5486221,LIBBY
LCN,40.14753723,-89.36330414,LINCOLN
LNK,40.81467056,-96.71081543,LINCOLN
LDW,39.8350563,-75.00187683,LINDENWOLD
LRK,34.75035095,-92.28637695,LITTLE ROCK
LIV,37.70398331,-121.7366257,LIVERMORE
LOM,34.64387894,-120.4568329,LOMPOC
LPS,34.68445969,-120.6025162,LOMPOC-SURF STATION
LOT,42.98831177,-81.23557281,LONDON
LBC,33.77417755,-118.1885605,LONG BEACH
LGM,40.16934967,-105.1014633,LONGMONT
LVW,32.4958725,-94.7252655,LONGVIEW
LDB,32.35058975,-108.7063217,LORDSBURG
LOR,38.70596313,-77.22137451,LORTON (AUTO-TRAIN)
LAX,34.0562973,-118.2365341,LOS ANGELES
LVL,38.25200272,-85.76339722,LOUISVILLE
LJV,38.30117035,-85.75078583,LOUISVILLE/JEFFERSONVILLE
LLD,40.40736389,-105.0600128,LOVELAND
LOL,40.18490601,-118.4707108,LOVELOCK
LYH,37.40702438,-79.15746307,LYNCHBURG
MAK,45.78168106,-84.72528076,MACKINAW CITY
MAC,40.46113205,-90.67227936,MACOMB
MCN,32.84352875,-83.63009644,MACON
MDR,36.97451782,-120.0189438,MADERA
MDO,30.45911026,-83.41333771,MADISON
MSN,43.07587051,-89.39875793,MADISON
MAS,44.62710571,-121.12854,MADRAS
MAL,48.35988235,-107.8724442,MALTA
MON,43.70701981,-79.62908936,MALTON
MVN,34.36591721,-92.81235504,MALVERN
MLV,40.03578568,-75.51520538,MALVERN
MSS,38.75003433,-77.47384644,MANASSAS
MLN,44.90483093,-85.05732727,MANCELONA
MTC,44.07984161,-87.69699097,MANITOWOC
MTH,24.72720718,-81.04125214,MARATHON
MAR,39.71619415,-92.94657898,MARCELINE
MRC,33.05843735,-112.0479279,MARICOPA
MWI,45.08541107,-87.64343262,MARINETTE
MIO,44.68226624,-88.88876343,MARION
MRP,37.48965836,-119.9695435,MARIPOSA
MRX,34.25428772,-90.2728653,MARKS
MQT,46.54200745,-87.39530182,MARQUETTE
MHL,32.55134964,-94.36684418,MARSHALL
MTZ,38.01973343,-122.1363525,MARTINEZ
MRB,39.45827103,-77.96150208,MARTINSBURG
MRV,39.14202881,-121.5834274,MARYSVILLE
MAT,39.48242188,-88.37552643,MATTOON
MAY,38.65162277,-83.77107239,MAYSVILLE
MEN,26.20309258,-98.23641205,MCALLEN
MCA,44.92166138,-116.0895386,MCCALL
MCB,31.24929237,-90.45294189,MCCOMB
MCK,40.19756317,-100.6253433,MCCOOK
MCG,31.43792152,-97.40172577,MCGREGOR
MKV,40.97550583,-124.1109467,MCKINLEYVILLE
MFR,42.32886124,-122.8718643,MEDFORD
MEM,35.13243103,-90.05887604,MEMPHIS
MDT,41.5500412,-89.11728668,MENDOTA
MCD,37.30704117,-120.4758911,MERCED
MDN,41.53899765,-72.80121613,MERIDEN
MEI,32.36382294,-88.69616699,MERIDIAN
MSK,44.40382385,-85.69916534,MESICK
MET,40.56775284,-74.32785797,METROPARK
MIA,25.84984779,-80.2580719,MIAMI
MII,25.79003906,-80.28752136,MIAMI INT'L AIRPORT
MCI,41.72135925,-86.90522003,MICHIGAN CITY
MBY,44.01298523,-73.16569519,MIDDLEBURY
MID,40.19294739,-76.73161316,MIDDLETOWN
MDP,37.55945587,-119.9320679,MIDPINES
MFD,38.39493179,-113.0091019,MILFORD
MLB,37.59904861,-122.3851776,MILLBRAE
MKE,43.03401566,-87.91648102,MILWAUKEE
MIN,32.66188049,-95.49013519,MINEOLA
MOT,48.23573303,-101.297905,MINOT
MOE,30.69045067,-88.0381012,MOBILE
MOD,37.66814041,-120.9115982,MODESTO
MOJ,35.05228806,-118.1724472,MOJAVE
MLI,41.45472717,-90.5057373,MOLINE
MEW,47.85922241,-121.9685745,MONROE
MRY,36.59801102,-121.8925629,MONTEREY TRANSIT PLAZA
MGM,32.32650757,-86.33039856,MONTGOMERY
MNG,38.18070221,-81.32407379,MONTGOMERY
MPR,44.25736237,-72.60868073,MONTPELIER-BARRE
MTR,45.454216,-73.66523743,MONTREAL
MPK,34.2851944,-118.8769531,MOORPARK
MOV,33.91582489,-117.2876587,MORENO VALLEY
MHC,37.12662506,-121.6458435,MORGAN HILL
MOC,46.7300415,-117.0016098,MOSCOW
MLK,47.10194397,-119.2452164,MOSES LAKE
MJY,40.10891724,-76.50291443,MOUNT JOY
MTP,40.97130585,-91.55123901,MOUNT PLEASANT
MVW,48.43558884,-122.3297806,MOUNT VERNON
MUN,34.94112396,-111.6539459,MUNDS PARK
MBS,33.68162918,-78.92217255,MYRTLE BEACH
MYS,41.3492012,-71.95978546,MYSTIC
NCG,31.61830139,-94.63967133,NACOGDOCHES
NAM,43.57632065,-116.5571594,NAMPA
NNI,49.18260574,-123.951416,NANAIMO
NAP,38.30430984,-122.2840042,NAPA
NPV,41.77950668,-88.14505005,NAPERVILLE
NPL,26.16137886,-81.68608856,NAPLES
NPI,41.44120789,-86.00076294,NAPPANEE
NAV,38.34893036,-89.38158417,NASHVILLE
NVL,36.16014099,-86.78301239,NASHVILLE
NDL,34.84027863,-114.6048737,NEEDLES
NEV,39.25915909,-121.0170364,NEVADA CITY
NBK,40.4953537,-74.44850159,NEW BRUNSWICK
NBM,41.78794861,-86.73987579,NEW BUFFALO
NCR,38.95333099,-76.86443329,NEW CARROLLTON
NHV,41.29866791,-72.92599487,NEW HAVEN
NIB,30.0084877,-91.82351685,NEW IBERIA
NLC,41.35433197,-72.09388733,NEW LONDON
NLW,44.38918304,-88.73943329,NEW LONDON
NOL,29.94679642,-90.07959747,NEW ORLEANS
NPR,28.23142433,-82.73039246,NEW PORT RICHIE
NRO,40.91392136,-73.78200531,NEW ROCHELLE
NYP,40.74967957,-73.99186707,NEW YORK (PENN STA)
NRK,39.67032242,-75.7533493,NEWARK
NWK,40.73427963,-74.16488647,NEWARK
NBN,36.11244965,-89.26296234,NEWBERN/DYERSBURG
NWP,41.48693848,-71.31565857,NEWPORT
NPT,35.60657883,-91.28302002,NEWPORT
NPO,44.62601471,-124.0595245,NEWPORT
NPB,33.61253738,-117.8696442,NEWPORT BEACH
NPN,37.01935577,-76.4510498,NEWPORT NEWS
NEW,38.04730988,-97.34460449,NEWTON
NFL,43.11360168,-79.03066254,NIAGARA FALLS
NFS,43.12139511,-79.07804108,NIAGARA FALLS
NLS,41.83657455,-86.25361633,NILES
NFK,36.858284,-76.28757477,NORFOLK
NOB,36.94327164,-76.31560516,NORFOLK NAVAL
NOR,35.21962738,-97.44216919,NORMAN
NHD,38.63798141,-121.4041519,NORTH HIGHLANDS
PHN,39.99690628,-75.15436554,NORTH PHILADELPHIA
NHT,42.31835175,-72.62792206,NORTHAMPTON
OAH,37.33680725,-119.6442566,OAKHURST
OKJ,37.79464722,-122.2707443,OAKLAND
OKL,43.45260239,-79.67370605,OAKVILLE
OCA,29.19222832,-82.13639069,OCALA
OSD,33.19258118,-117.378624,OCEANSIDE
ODE,31.864254,-102.3314743,ODESSA
OGD,41.22157288,-111.9789047,OGDEN
OKE,27.2512188,-80.83030701,OKEECHOBEE
OKO,43.40061951,-72.70835114,OKEMO
OKC,35.46614456,-97.51263428,OKLAHOMA CITY
OSB,41.30053329,-72.37602234,OLD SAYBROOK
OLW,46.99066162,-122.7958069,OLYMPIA/LACEY
OMA,41.25016785,-95.92742157,OMAHA
ONA,34.06170654,-117.6478577,ONTARIO
ONT,44.03108978,-116.96064,ONTARIO
OPE,32.64744568,-85.37980652,OPELIKA
ORP,41.1543541,-72.24172974,ORIENT POINT
ORL,28.52569389,-81.38174438,ORLANDO
ORV,39.51986694,-121.5701828,OROVILLE
OSC,41.03744507,-93.76574707,OSCEOLA
OSH,44.01501846,-88.53733826,OSHKOSH
OTM,41.01964188,-92.4156723,OTTUMWA
OXN,34.19883347,-119.1748657,OXNARD
PAK,29.64930916,-81.64054108,PALATKA
PDC,33.72297287,-116.3902512,PALM DESERT
PSP,33.8266983,-116.5449142,PALM SPRINGS
PSN,33.89594269,-116.5450134,PALM SPRINGS - NORTH
PMD,34.57914352,-118.1278992,PALMDALE
PAO,40.04228592,-75.48374939,PAOLI
PAR,39.95918274,-75.92177582,PARKESBURG
PAS,34.14332962,-118.1404266,PASADENA
PAG,30.36717415,-88.55857086,PASCAGOULA
PSC,46.2335968,-119.0842438,PASCO
PRB,35.6229248,-120.6869354,PASO ROBLES
PVL,34.74146652,-97.21900177,PAULS VALLEY
PST,45.55064011,-84.78458405,PELLSTON
PBT,50.33153152,-122.7899628,PEMBERTON
PEN,45.67185211,-118.789505,PENDLETON
PNS,30.41793251,-87.20449066,PENSACOLA
PIA,40.67008209,-89.68823242,PEORIA AIRPORT
PRI,33.79139328,-117.2166367,PERRIS
PSW,47.55755615,-120.5883026,PESHASTIN
PTC,38.24300766,-122.6304855,PETALUMA
PTB,37.24161911,-77.42897034,PETERSBURG
PSK,45.373909,-84.96370697,PETOSKY
PHL,39.95460892,-75.18318939,PHILADELPHIA
PHX,33.44454193,-112.0782928,PHOENIX
PHA,33.43753052,-112.0090485,PHOENIX AIRPORT
PXN,33.55594254,-112.1112747,PHOENIX NORTHWEST
PIC,30.52471161,-89.68013763,PICAYUNE
STP,27.83963966,-82.68467712,PINELLAS PARK
PSB,35.13541794,-120.6209183,PISMO BEACH
PGH,40.44504166,-79.99325562,PITTSBURGH
PIT,42.45040131,-73.25604248,PITTSFIELD
PCV,38.72783279,-120.80159,PLACERVILLE
PLO,41.66215515,-88.53742218,PLANO
PLB,44.69699097,-73.44745636,PLATTSBURGH
POC,42.85468292,-112.4366837,POCATELLO
POS,34.05939484,-117.7506332,POMONA
PON,40.87944031,-88.6364975,PONTIAC
PNT,42.635849,-83.29416656,PONTIAC
PBF,36.75398636,-90.39343262,POPLAR BLUFF
PCH,27.01243019,-82.05265808,PORT CHARLOTTE
POH,44.0330658,-73.46192932,PORT HENRY
PTH,42.96078873,-82.44181061,PORT HURON
PRK,44.57804108,-73.4442749,PORT KENT
POG,43.54661179,-89.4691391,PORTAGE
POT,36.06822586,-119.018631,PORTERVILLE
POR,43.6354866,-70.29492188,PORTLAND
PDX,45.52868271,-122.6750259,PORTLAND
POU,41.70567322,-73.93901062,POUGHKEEPSIE
PMM,35.61102295,-115.3907089,PRIMM
PRC,37.85870743,-81.05422211,PRINCE
PCT,41.38690567,-89.46167755,PRINCETON
PJC,40.31721878,-74.62322998,PRINCETON JUNCTION
PRN,44.30592346,-120.8356094,PRINEVILLE
PVD,41.82563019,-71.41599274,PROVIDENCE
PRO,40.22586823,-111.6627197,PROVO
PUB,38.307827,-104.6150589,PUEBLO
PUL,46.73876953,-117.1737442,PULLMAN
PUR,35.01197433,-97.3563385,PURCELL
QAN,38.5220108,-77.29304504,QUANTICO
QCY,39.95744324,-91.36634827,QUINCY
QUC,47.23968887,-119.8501816,QUINCY
RGH,35.77375031,-78.64448547,RALEIGH
RCD,38.58846664,-121.3033981,RANCHO CORDOVA
RPH,43.92285538,-72.66584778,RANDOLPH
RTL,40.31200027,-88.15901947,RANTOUL
RRM,45.92669678,-86.97434998,RAPID RIVER
RAT,36.90074921,-104.4375229,RATON
RWL,41.78675079,-107.2382278,RAWLINS
RBF,40.18600845,-122.210968,RED BLUFF
RDW,44.56454086,-92.5418396,RED WING
RDD,40.58283234,-122.391922,REDDING
RED,44.24794006,-121.1857986,REDMOND
REE,43.87459946,-85.5100708,REED CITY
PRT,43.69923019,-124.1093292,REEDSPORT
RNO,39.52864075,-119.8112335,RENO
REN,40.94303894,-87.15447998,RENSSELAER
RHI,41.92089081,-73.95207214,RHINECLIFF-KINGSTON
RHD,46.2857132,-119.2729721,RICHLAND
RBC,49.17333221,-123.1404037,RICHMOND
RIC,37.93608475,-122.3530502,RICHMOND
RVR,37.61425018,-77.49658203,RICHMOND
RDS,40.48457718,-124.0999603,RIO DELL-SCOTIA
RVB,37.72911835,-120.9367371,RIVERBANK
RIV,33.97652054,-117.3696213,RIVERSIDE
RNK,37.30771255,-79.9803009,ROANOKE - SHERATON INN
ROC,43.16260529,-77.60952759,ROCHESTER
RSG,41.58706284,-109.2191162,ROCK SPRINGS
RCK,42.26813889,-88.97989655,ROCKFORD
RKF,43.11909485,-85.55965424,ROCKFORD
RLN,38.79154587,-121.2362747,ROCKLIN
RKV,39.08544922,-77.14696503,ROCKVILLE
RMT,35.93815231,-77.79789734,ROCKY MOUNT
RPC,38.34769821,-122.7155838,ROHNERT PARK
ROM,43.19922638,-75.4514389,ROME
RSM,34.85949326,-118.1666794,ROSAMOND
RBG,43.20726013,-123.3463821,ROSEBURG
RSV,38.75056458,-121.284462,ROSEVILLE
RSP,44.99480057,-73.37109375,ROUSES POINT
RTE,42.2078743,-71.14994049,ROUTE 128
ROY,42.48904419,-83.14784241,ROYAL OAK
RUG,48.36928558,-99.99762726,RUGBY
RUD,43.60725784,-72.9822464,RUTLAND
SAC,38.58403015,-121.4995499,SACRAMENTO
SLM,44.93217087,-123.0262375,SALEM
SNS,36.67936325,-121.656189,SALINAS
SAL,35.67341995,-80.45742035,SALISBURY
SLC,40.7620163,-111.9023819,SALT LAKE CITY
SAS,29.41910362,-98.47813416,SAN ANTONIO
SNB,34.10436249,-117.3069305,SAN BERNADINO
SNT,33.43287659,-117.632309,SAN CLEMENTE
SNP,33.41915894,-117.6190109,SAN CLEMENTE PIER
SAN,32.71616364,-117.1685638,SAN DIEGO
SFC,37.79525375,-122.3931885,SAN FRANCISCO
SFP,37.77701569,-122.3937225,SAN FRANCISCO - CALTRANS
SFW,37.80859375,-122.4089203,SAN FRANCISCO FISHERMANS
SFO,37.61839676,-122.3821945,SAN FRANCISCO INT'L AIRPO
SFS,37.78475952,-122.4063187,SAN FRANCISCO SHOPPING
SFF,37.79390717,-122.3951874,SAN FRANCISCO-FINANCIAL
SJC,37.33106995,-121.901207,SAN JOSE
SNC,33.50148392,-117.6632614,SAN JUAN CAPISTRANO
SLO,35.27741623,-120.6539459,SAN LUIS OBISPO
SLP,35.29257965,-120.6518478,SAN LUIS OBISPO-CAL POLY
SMC,29.87923241,-97.93567657,SAN MARCOS
SPD,33.7484169,-118.2766037,SAN PEDRO
SND,30.14009857,-102.3990555,SANDERSON
SPT,48.25175858,-116.608223,SANDPOINT
SKY,41.44012451,-82.71189117,SANDUSKY
SDW,41.75964355,-70.49331665,SANDWICH
SFD,28.80577278,-81.2885437,SANFORD
SFA,28.80759239,-81.28858185,SANFORD (AUTO-TRAIN)
SNA,33.7531662,-117.8550415,SANTA ANA
SBA,34.41392517,-119.6907196,SANTA BARBARA
GAC,37.37850952,-121.9464111,SANTA CLARA-GREAT AMERICA
SGC,34.35953522,-118.5555191,SANTA CLARITA
SCZ,36.97050095,-122.023941,SANTA CRUZ
SAF,35.68589783,-105.9250183,SANTA FE
SAT,34.95112991,-120.4152527,SANTA MARIA
SNM,34.02079773,-118.4954147,SANTA MONICA
SAP,34.34771347,-119.0694427,SANTA PAULA
SRC,38.43672562,-122.7171936,SANTA ROSA
SRA,27.2701416,-82.44699097,SARASOTA
SAR,43.08211517,-73.81015778,SARATOGA SPRINGS
SIA,42.97307968,-82.4001236,SARNIA
SAV,32.07850647,-81.14415741,SAVANNAH
SDY,42.81526566,-73.94282532,SCHENECTADY
SCH,29.74690819,-90.81265259,SCHRIEVER
SES,36.61719894,-121.8472214,SEASIDE
SEA,47.59891129,-122.3284302,SEATTLE
SBG,27.49725723,-81.43474579,SEBRING
SED,38.7118721,-93.2283783,SEDALIA
SDX,34.87650681,-111.7532654,SEDONA
SSM,35.53220367,-78.28144073,SELMA-SMITHFIELD
SBY,48.50531387,-111.8532257,SHELBY
SHO,42.93659592,-114.407547,SHOSHONE
SHR,32.5123024,-93.74230957,SHREVEPORT
SVR,39.63414001,-106.0719376,SILVERTHORNE
SIM,34.26994705,-118.693718,SIMI VALLEY
SKW,47.71152496,-121.3592834,SKYKOMISH
SDL,30.27823257,-89.78243256,SLIDELL
SRO,34.04412079,-106.8907928,SOCORRO
SOD,39.32358932,-120.3707886,SODA SPRINGS
SOL,32.99205399,-117.2700729,SOLANA BEACH
SDD,36.42342377,-121.323204,SOLEDAD
SLV,34.59594727,-120.1373062,SOLVANG
SOB,41.67900848,-86.28914642,SOUTH BEND
SHS,29.65379524,-95.24810028,SOUTH HOUSTON
SLT,38.91470718,-120.0022202,SOUTH LAKE TAHOE
SMD,43.04800034,-89.31249237,SOUTH MADISON
SPM,38.72091293,-82.9642868,SOUTH PORTSMOUTH
SOP,35.17409897,-79.39189911,SOUTHERN PINES
SPX,39.53364944,-119.7554169,SPARKS
SPB,34.95376968,-81.93573761,SPARTANBURG
SPK,47.65698624,-117.413063,SPOKANE
SPH,28.47757912,-82.61166382,SPRING HILL
SPI,39.80158615,-89.65167236,SPRINGFIELD
SPG,42.10596085,-72.59358978,SPRINGFIELD
SQA,49.74836349,-123.1285019,SQUAMISH
SAB,44.81095123,-73.08641052,ST. ALBANS
SCA,43.15655518,-79.23625946,ST. CATHARINES
SCD,45.56689072,-94.147789,ST. CLOUD
SHL,38.49926758,-122.4611435,ST. HELENA
STI,45.8699646,-84.73040771,ST. IGNACE
SJO,39.77684021,-94.79226685,ST. JOSEPH
SJM,42.10661697,-86.48674774,ST. JOSEPH/BENTON HARBOR
SLQ,45.50278091,-73.48794556,ST. LAMBERT
STL,38.624275,-90.203461,ST. LOUIS
SMA,43.27011108,-81.13570404,ST. MARYS
MSP,44.96332932,-93.18632507,ST. PAUL/MINNEAPOLIS
STM,41.04618073,-73.54267883,STAMFORD
STN,48.31936264,-102.3907776,STANLEY
SPL,46.35458755,-94.79511261,STAPLES
SLH,38.95949554,-119.9411621,STATELINE
SLN,38.95949554,-119.9411621,STATELINE
STA,38.14778137,-79.07272339,STAUNTON
SSW,47.71377182,-121.1443787,STEVENS PASS
SKN,37.94601059,-121.2842712,STOCKTON
STF,43.37099838,-80.98445129,STRATFORD
SRY,42.95874405,-81.61814117,STRATHROY
STR,41.12225342,-88.82460785,STREATOR
SVT,42.69967651,-87.905159,STURTEVANT
SUI,38.24346542,-122.0395432,SUISUN-FAIRFIELD
SMT,41.79216385,-87.81317902,SUMMIT
SDE,46.30915833,-119.9776382,SUNNYSIDE
SUN,43.85625458,-121.4631577,SUNRIVER
SUY,49.15550613,-122.8464508,SURREY
SYR,43.07719,-76.16983,SYRACUSE
TAC,47.24182892,-122.4184723,TACOMA
TLH,30.43301582,-84.28953552,TALLAHASSEE
TPA,27.95226479,-82.45091248,TAMPA
TPS,28.13079834,-82.74001312,TARPON SPRINGS
TAU,41.90196609,-71.10173035,TAUNTON
TAY,30.56743622,-97.40879822,TAYLOR
TEH,35.13273239,-118.4523087,TEHACHAPI
TEM,33.42736435,-111.9421539,TEMPE
TPL,31.09537888,-97.34480286,TEMPLE
TXA,33.42007446,-94.04244232,TEXARKANA
THD,45.60080719,-121.1796646,THE DALLES
WBP,37.34368896,-76.75569916,THE POTTERY FACTORY
TOS,38.97175217,-109.7201309,THOMPSON
THO,34.18751144,-118.9099274,THOUSAND OAKS
THN,37.95666504,-81.07805634,THURMOND
FTC,43.85299301,-73.39064026,TICONDEROGA
TGR,44.73855972,-89.05341339,TIGERTON
TCA,34.57853317,-83.33136749,TOCCOA
TOL,41.63818359,-83.5412674,TOLEDO
TDO,44.64654922,-123.919014,TOLEDO
TOH,43.9857254,-90.50416565,TOMAH
TOP,39.05134583,-95.6648941,TOPEKA
TWO,43.64655685,-79.42417908,TORONTO
TOA,33.83116913,-118.3515854,TORRANCE
TRA,37.76174927,-121.4346313,TRACY
TRV,44.73454666,-85.62482452,TRAVERSE CITY
TIF,27.76935577,-82.76888275,TREASURE ISLAND
TRE,40.21825027,-74.75456238,TRENTON
TRI,37.17280197,-104.5072708,TRINIDAD
TRU,39.32791519,-120.1825714,TRUCKEE
TOC,33.13299179,-107.2416992,TRUTH OR CONSEQUENCES
TUS,32.22306061,-110.9659348,TUCSON
TLS,36.15398026,-95.98683167,TULSA
TRK,37.53031158,-120.7987976,TURLOCK-DENAIR
TCL,33.19225693,-87.56015015,TUSCALOOSA
TYR,40.67032242,-78.24105072,TYRONE
UKH,39.15153122,-123.1957016,UKIAH
UCA,43.10407257,-75.22393799,UTICA
VAI,39.64267731,-106.3442993,VAIL
VAE,43.98191833,-117.2468796,VALE
VMW,38.13432693,-122.2279434,VALLEJO-MARINE WORLD
VNC,34.21097946,-118.4479218,VAN NUYS
VNF,34.20846939,-118.4828339,VAN NUYS/FLYAWAY
VAC,49.22974777,-123.0173492,VANCOUVER
VAN,45.6298027,-122.6847229,VANCOUVER
VEN,27.10878181,-82.38532257,VENICE
VEC,34.27675247,-119.2965775,VENTURA
VRN,44.17135239,-73.23920441,VERGENNES
VBC,48.44410706,-123.3728027,VICTORIA
VRV,34.53662872,-117.2921295,VICTORVILLE
VAB,36.84703064,-75.97650909,VIRGINIA BEACH
VIS,36.32727432,-119.27771,VISALIA
WDO,29.79017067,-82.16741943,WALDO
WCE,34.74227142,-77.99614716,WALLACE
WFD,41.4570694,-72.82535553,WALLINGFORD
WNK,45.27373123,-84.92808533,WALLOON LAKE
WNR,36.06831741,-90.9561615,WALNUT RIDGE
WWR,42.53487778,-88.59544373,WALWORTH
WRE,41.75841522,-70.71543884,WAREHAM
WAR,38.76317215,-93.74045563,WARRENSBURG
WON,38.68473816,-77.7891922,WARRENTON
WAC,35.59427261,-119.3313522,WASCO
WAS,38.89730453,-77.00637054,WASHINGTON
WAH,38.56137466,-91.01222229,WASHINGTON
WAB,44.33507156,-72.75247192,WATERBURY-STOWE
WTI,41.43170547,-85.02519226,WATERLOO
WTV,36.91064072,-121.7590561,WATSONVILLE
WSU,44.9634819,-89.65514374,WAUSAU
WEN,47.42162323,-120.3058395,WENATCHEE
WBR,41.70692444,-70.37343597,WEST BARNSTABLE
WGL,48.49873352,-113.9716415,WEST GLACIER
WLA,34.02656174,-118.3666153,WEST L.A.
WPB,26.71234131,-80.06246185,WEST PALM BEACH
WCY,39.92591476,-91.43980408,WEST QUINCY
WRC,46.29827118,-119.3400803,WEST RICHLAND
WLY,41.38101578,-71.83068848,WESTERLY
WSP,44.18709564,-73.45289612,WESTPORT
WHE,40.06699371,-80.72148895,WHEELING
WSL,50.16410828,-122.9128418,WHISTLER
WRJ,43.64855576,-72.31795502,WHITE RIVER JUNCTION
WSS,37.78541946,-80.30580902,WHITE SULPHUR SPRINGS
WFH,48.4135704,-114.3351593,WHITEFISH
WHL,43.55496597,-73.40310669,WHITEHALL
WHI,40.01460266,-75.63851929,WHITFORD
WHR,33.95303345,-118.0288391,WHITTIER
WWD,28.86603737,-82.0395813,WILDWOOD
WMA,35.24914932,-112.1914597,WILLIAMS
WMJ,35.25239182,-112.1886673,WILLIAMS JCT.
WBG,37.27572632,-76.70805359,WILLIAMSBURG
WIM,41.71258926,-72.21961975,WILLIMANTIC
WTN,48.14276505,-103.6203766,WILLISTON
WTS,39.41219711,-123.3498077,WILLITS
WIL,39.73691559,-75.55217743,WILMINGTON
WMN,34.24634933,-77.9491272,WILMINGTON
WLN,35.72306824,-77.90829468,WILSON
WNH,42.3005867,-74.25737,WINDHAM
WND,41.85191727,-72.64376068,WINDSOR
WDS,42.31492996,-82.9313736,WINDSOR
WNL,41.92724609,-72.62856293,WINDSOR LOCKS
WNM,43.48044205,-72.38545227,WINDSOR-MOUNT ASCUTNEY
WNN,40.96954346,-117.7315674,WINNEMUCCA
WIN,44.04493713,-91.64174652,WINONA
WNA,33.48286057,-89.72742462,WINONA
WLO,35.02090836,-110.6930847,WINSLOW
WNS,36.09293365,-80.24620819,WINSTON-SALEM
WTH,28.00225067,-81.73426056,WINTER HAVEN
WPK,28.59713173,-81.35198212,WINTER PARK
WDL,43.62478638,-89.77507782,WISCONSIN DELLS
WIH,45.65731049,-120.9663162,WISHRAM
WIT,44.82705307,-89.16915131,WITTENBERG
WPT,48.09078217,-105.640358,WOLF POINT
WDB,38.657444,-77.24827576,WOODBRIDGE
WOL,38.67508698,-121.7650299,WOODLAND
WOR,42.26137924,-71.79332733,WORCESTER
YKM,46.60573578,-120.4816818,YAKIMA
YAZ,32.8480835,-90.41503906,YAZOO CITY
YEM,32.68814468,-80.84714508,YEMASSEE
YNY,40.93609619,-73.90288544,YONKERS
YOS,37.74200439,-119.5829391,YOSEMITE NAT. PARK
YTO,41.10209656,-80.65731049,YOUNGSTOWN
YUM,32.72202301,-114.6151352,YUMA
ZNV,39.95030212,-82.00681305,ZANESVILLE
